{
  "Q1": {
    "wc": -1,
    "tier_counts_by_w": {
      "0": {
        "0": 2
      },
      "1": {
        "0": 2
      },
      "2": {
        "0": 2
      },
      "3": {
        "0": 2
      },
      "4": {
        "0": 2
      },
      "5": {
        "0": 2
      },
      "6": {
        "0": 2
      },
      "7": {
        "0": 2
      },
      "8": {
        "0": 2
      },
      "9": {
        "0": 2
      },
      "10": {
        "0": 2
      }
    },
    "unique_progs": {
      "0": 1.0,
      "1": 3.0,
      "2": 3.0,
      "3": 3.0,
      "4": 3.0,
      "5": 3.0,
      "6": 3.0,
      "7": 3.0,
      "8": 3.0,
      "9": 3.0,
      "10": 3.0
    }
  },
  "Q4": {
    "lambda_zero_crossing": null,
    "lambdas": {
      "0": 0.0,
      "1": 0.0,
      "2": 0.0,
      "3": 0.0,
      "4": 0.0,
      "5": 0.0,
      "6": 0.0,
      "7": 0.0,
      "8": 0.0,
      "9": 0.0,
      "10": 0.0
    },
    "final_dists": {
      "0": 0.0,
      "1": 0.0,
      "2": 0.0,
      "3": 0.0,
      "4": 0.0,
      "5": 0.0,
      "6": 0.0,
      "7": 0.0,
      "8": 0.0,
      "9": 0.0,
      "10": 0.0
    }
  },
  "Q5": {
    "wc_entropy_min": 1,
    "entropy_ratio": 0.9789920612472567,
    "H_fam": 2.3455750282666012,
    "H_sub": 2.3959081192939284
  },
  "config": {
    "trials": 2,
    "cycles": 50,
    "quick": true
  }
}