{
  "Q1": {
    "wc": -1,
    "sweep": {
      "0": {
        "0": 2
      },
      "1": {
        "0": 2
      },
      "2": {
        "0": 2
      },
      "3": {
        "0": 2
      },
      "4": {
        "0": 2
      },
      "5": {
        "0": 2
      },
      "6": {
        "0": 2
      },
      "7": {
        "0": 2
      },
      "8": {
        "0": 2
      },
      "9": {
        "0": 2
      },
      "10": {
        "0": 2
      }
    }
  },
  "Q2": {
    "1": {
      "tau_est": 0,
      "r2": 0,
      "n_clusters": 11,
      "n_avalanches": 1,
      "mean_avalanche": 11.0
    },
    "2": {
      "tau_est": 0,
      "r2": 0,
      "n_clusters": 11,
      "n_avalanches": 1,
      "mean_avalanche": 11.0
    },
    "3": {
      "tau_est": 0,
      "r2": 0,
      "n_clusters": 11,
      "n_avalanches": 1,
      "mean_avalanche": 11.0
    }
  },
  "Q3": {
    "wc_by_len": {
      "4": -1,
      "6": -1,
      "8": -1,
      "10": -1,
      "12": -1,
      "14": -1,
      "16": -1,
      "18": -1,
      "22": -1,
      "26": -1,
      "32": -1,
      "40": -1,
      "50": -1,
      "62": -1
    },
    "nu_est": 0,
    "wc_inf_est": 0
  },
  "Q4": {
    "lambda_zero_crossing": 7.724602529052231e-14,
    "lambdas": {
      "0": -7.724602529071923e-18,
      "1": 2.471872809303015e-16,
      "2": 2.471872809303015e-16,
      "3": 2.471872809303015e-16,
      "4": 2.471872809303015e-16,
      "5": 2.471872809303015e-16,
      "6": 2.471872809303015e-16,
      "7": 2.471872809303015e-16,
      "8": 2.471872809303015e-16,
      "9": 2.471872809303015e-16,
      "10": 2.471872809303015e-16
    }
  },
  "Q5": {
    "wc_entropy_min": 0,
    "entropy_ratio": 1.0136020231995337,
    "H_fam": 2.349503871027743,
    "H_sub": 2.317974725041792
  },
  "config": {
    "trials": 2,
    "cycles": 50,
    "quick": true
  }
}